antecedents,consequents,antecedent support,consequent support,support,confidence,lift,representativity,leverage,conviction,zhangs_metric,jaccard,certainty,kulczynski
frozenset({'Lime Sparkling Water'}),frozenset({'Sparkling Water Grapefruit'}),0.018397458697705222,0.029337814136607264,0.005224878270148284,0.28400000000000003,9.680339464882945,1.0,0.004685137046289099,1.355673443943286,0.9135039894635013,0.12290825158684361,0.26235923225635266,0.23104682274247493
frozenset({'Sparkling Water Grapefruit'}),frozenset({'Lime Sparkling Water'}),0.029337814136607264,0.018397458697705222,0.005224878270148284,0.17809364548494983,9.680339464882943,1.0,0.004685137046289099,1.194299734890686,0.9238001135787064,0.12290825158684361,0.16268925564860012,0.23104682274247493
frozenset({'Limes'}),frozenset({'Organic Cilantro'}),0.05191762844492414,0.026897084616045036,0.006647615076104154,0.12804157807701394,4.760425893913898,1.0,0.005251182230756643,1.1159969224655326,0.8331921206016717,0.09211420802175391,0.10394018131274486,0.18759580043841578
frozenset({'Organic Cilantro'}),frozenset({'Limes'}),0.026897084616045036,0.05191762844492414,0.006647615076104154,0.2471500227998176,4.760425893913897,1.0,0.005251182230756643,1.2593244341733987,0.8117689806214926,0.09211420802175391,0.20592345160333153,0.18759580043841578
frozenset({'Organic Garlic'}),frozenset({'Organic Yellow Onion'}),0.04071970858425423,0.04280475390332749,0.008229796524106804,0.20210843373493978,4.721635222839783,1.0,0.00648679941914259,1.1996558010724625,0.821667008409894,0.10930118911874898,0.16642757105327632,0.19718602202506302
frozenset({'Organic Yellow Onion'}),frozenset({'Organic Garlic'}),0.04280475390332749,0.04071970858425423,0.008229796524106804,0.19226361031518624,4.721635222839783,1.0,0.00648679941914259,1.1876155434696534,0.8234568344215758,0.10930118911874898,0.1579766655137647,0.19718602202506302
frozenset({'Large Lemon'}),frozenset({'Limes'}),0.05792746495284118,0.05191762844492414,0.01047428648522684,0.18081727715435106,3.482772279287906,1.0,0.007466829883048868,1.1573515225780882,0.7567065025869059,0.10540607257467292,0.1359582801840324,0.191282723150764
frozenset({'Limes'}),frozenset({'Large Lemon'}),0.05191762844492414,0.05792746495284118,0.01047428648522684,0.20174816914717694,3.4827722792879054,1.0,0.007466829883048868,1.180169588888613,0.7519097860763291,0.10540607257467292,0.15266415147867177,0.191282723150764
frozenset({'Organic Lemon'}),frozenset({'Organic Hass Avocado'}),0.0340475635632198,0.08194228103957907,0.00836471122122331,0.24567723342939485,2.99817420643599,1.0,0.00557477619901302,1.2170621909427548,0.6899549626217649,0.07772079772079772,0.17834930092981952,0.17387888014831515
frozenset({'Organic Hass Avocado'}),frozenset({'Organic Lemon'}),0.08194228103957907,0.0340475635632198,0.00836471122122331,0.10208052686723545,2.99817420643599,1.0,0.00557477619901302,1.0757673325277761,0.7259496471864793,0.07772079772079772,0.07043096609909351,0.17387888014831515
frozenset({'Organic Hass Avocado'}),"frozenset({'Organic Strawberries', 'Bag of Organic Bananas'})",0.08194228103957907,0.023291182711294812,0.005445647774520746,0.06645711719802425,2.853316554242502,1.0,0.003537115135047641,1.0462388341038704,0.7075052427781814,0.05457227138643068,0.04419529518178807,0.15013219209032336
"frozenset({'Organic Strawberries', 'Bag of Organic Bananas'})",frozenset({'Organic Hass Avocado'}),0.023291182711294812,0.08194228103957907,0.005445647774520746,0.23380726698262244,2.853316554242502,1.0,0.003537115135047641,1.1982072909318482,0.6650197457421758,0.05457227138643068,0.16541986718984336,0.15013219209032336
frozenset({'Limes'}),frozenset({'Organic Garlic'}),0.05191762844492414,0.04071970858425423,0.005923981700661082,0.11410347271438696,2.8021682050669012,1.0,0.0038099109999981833,1.0828355929500937,0.6783519079491857,0.06831683168316832,0.0764987718259383,0.12979270021261516
frozenset({'Organic Garlic'}),frozenset({'Limes'}),0.04071970858425423,0.05191762844492414,0.005923981700661082,0.14548192771084337,2.8021682050669012,1.0,0.0038099109999981833,1.1094936459509523,0.6704333356919189,0.06831683168316832,0.09868794323477609,0.12979270021261516
frozenset({'Organic Cucumber'}),frozenset({'Organic Hass Avocado'}),0.03077281591502827,0.08194228103957907,0.006537230323917923,0.21243523316062177,2.5924984082150835,1.0,0.004015635593829444,1.165691708943166,0.6337747346900476,0.06156867275037542,0.14214024829376604,0.14610685471831417
frozenset({'Organic Hass Avocado'}),frozenset({'Organic Cucumber'}),0.08194228103957907,0.03077281591502827,0.006537230323917923,0.07977847627600658,2.5924984082150835,1.0,0.004015635593829444,1.05325419923092,0.6690992175779716,0.06156867275037542,0.05056158263580234,0.14610685471831417
frozenset({'Organic Avocado'}),frozenset({'Large Lemon'}),0.06685636490746079,0.05792746495284118,0.009554413550341579,0.1429095578792882,2.467043189195851,1.0,0.005681593815290284,1.099151838300955,0.6372614521478228,0.08291644491750931,0.09020758993063409,0.1539235487893159
frozenset({'Large Lemon'}),frozenset({'Organic Avocado'}),0.05792746495284118,0.06685636490746079,0.009554413550341579,0.16493753969934363,2.467043189195851,1.0,0.005681593815290284,1.1174536989204014,0.6312215310807271,0.08291644491750931,0.1051083360624929,0.1539235487893159
frozenset({'Cucumber Kirby'}),frozenset({'Large Lemon'}),0.03753081574331866,0.05792746495284118,0.005347527994799652,0.14248366013071895,2.459690929798414,1.0,0.0031734629811770204,1.0986059288278605,0.6165858250550035,0.05934394991152852,0.08975550398955745,0.11739893360124767
frozenset({'Large Lemon'}),frozenset({'Cucumber Kirby'}),0.05792746495284118,0.03753081574331866,0.005347527994799652,0.09231420707177641,2.4596909297984135,1.0,0.0031734629811770204,1.060355016851949,0.629935417908362,0.05934394991152852,0.05691963153164969,0.11739893360124767
frozenset({'Apple Honeycrisp Organic'}),frozenset({'Organic Hass Avocado'}),0.03196251824414654,0.08194228103957907,0.006402315626801418,0.20030698388334614,2.444488746738641,1.0,0.0037832339741068885,1.1480126754370714,0.6104272986721762,0.05955504848830576,0.12892947839684793,0.13921950002429542
frozenset({'Organic Hass Avocado'}),frozenset({'Apple Honeycrisp Organic'}),0.08194228103957907,0.03196251824414654,0.006402315626801418,0.07813201616524472,2.444488746738641,1.0,0.0037832339741068885,1.0500825484024772,0.6436594266325396,0.05955504848830576,0.04769391556756114,0.13921950002429542
frozenset({'Large Lemon'}),frozenset({'Organic Garlic'}),0.05792746495284118,0.04071970858425423,0.005764537058614304,0.09951302138471312,2.4438539676384985,1.0,0.0034057475667100107,1.0652905752072812,0.627138808942763,0.06206259078304504,0.061288982299103914,0.12053964322247704
frozenset({'Organic Garlic'}),frozenset({'Large Lemon'}),0.04071970858425423,0.05792746495284118,0.005764537058614304,0.14156626506024098,2.4438539676384985,1.0,0.0034057475667100107,1.0974318653882693,0.6158890710609952,0.06206259078304504,0.088781698856355,0.12053964322247704
frozenset({'Organic Strawberries'}),frozenset({'Organic Raspberries'}),0.10170115168091448,0.05287429629720481,0.012890486060858793,0.12674867342016402,2.3971699350420397,1.0,0.007513109233115152,1.0845969251627645,0.6488279748370833,0.09097991689750692,0.0779984925275988,0.1852718082944012
frozenset({'Organic Raspberries'}),frozenset({'Organic Strawberries'}),0.05287429629720481,0.10170115168091448,0.012890486060858793,0.24379494316863837,2.3971699350420392,1.0,0.007513109233115152,1.1879037837741035,0.6153791627391523,0.09097991689750692,0.15818097925162944,0.1852718082944012
frozenset({'Organic Whole String Cheese'}),frozenset({'Organic Strawberries'}),0.022248660051758185,0.10170115168091448,0.005335263022334515,0.2398015435501654,2.357903913443757,1.0,0.0030725486717135533,1.1816636046778977,0.5889989450012133,0.044979836624961224,0.1537354657947821,0.1461308730775429
frozenset({'Organic Strawberries'}),frozenset({'Organic Whole String Cheese'}),0.10170115168091448,0.022248660051758185,0.005335263022334515,0.0524602026049204,2.357903913443757,1.0,0.0030725486717135533,1.0318841938209011,0.6410945631074361,0.044979836624961224,0.03089900398884802,0.1461308730775429
frozenset({'Bag of Organic Bananas'}),"frozenset({'Organic Hass Avocado', 'Organic Strawberries'})",0.14779291820489862,0.01567463481044485,0.005445647774520746,0.036846473029045645,2.35070695264255,1.0,0.0031290477540890133,1.0219817896376133,0.6742446431579024,0.03446134740763738,0.021508983682975248,0.19213215670231623
"frozenset({'Organic Hass Avocado', 'Organic Strawberries'})",frozenset({'Bag of Organic Bananas'}),0.01567463481044485,0.14779291820489862,0.005445647774520746,0.3474178403755868,2.3507069526425495,1.0,0.0031290477540890133,1.3059000605924933,0.5837460661708371,0.03446134740763738,0.23424461781072664,0.19213215670231623
frozenset({'Organic Strawberries'}),frozenset({'Organic Blueberries'}),0.10170115168091448,0.037874234972342484,0.009039284706805832,0.08888084901109503,2.3467364839448224,1.0,0.0051874313910850334,1.0559823750641082,0.6388478793371087,0.06924739265244761,0.053014497576921546,0.16377332605995165
frozenset({'Organic Blueberries'}),frozenset({'Organic Strawberries'}),0.037874234972342484,0.10170115168091448,0.009039284706805832,0.23866580310880828,2.346736483944822,1.0,0.0051874313910850334,1.1799008267160085,0.5964670473647673,0.06924739265244761,0.15247114218635008,0.16377332605995165
frozenset({'Organic Avocado'}),frozenset({'Cucumber Kirby'}),0.06685636490746079,0.03753081574331866,0.005850391865870261,0.08750687947165657,2.3316007856086847,1.0,0.003341217953260274,1.0547687019266527,0.6120280848915246,0.05937266616878266,0.05192484553875314,0.1216946162064165
frozenset({'Cucumber Kirby'}),frozenset({'Organic Avocado'}),0.03753081574331866,0.06685636490746079,0.005850391865870261,0.15588235294117644,2.3316007856086842,1.0,0.003341217953260274,1.1054663272873286,0.5933801531063801,0.05937266616878266,0.09540437793897294,0.1216946162064165
frozenset({'Organic Raspberries'}),frozenset({'Organic Hass Avocado'}),0.05287429629720481,0.08194228103957907,0.010094072338807599,0.19090698213871493,2.329773832467571,1.0,0.005761431891852068,1.1346751222587084,0.6026378383032455,0.08093224505851117,0.1186904688547513,0.15704606703103985
frozenset({'Organic Hass Avocado'}),frozenset({'Organic Raspberries'}),0.08194228103957907,0.05287429629720481,0.010094072338807599,0.12318515192336477,2.329773832467571,1.0,0.005761431891852068,1.0801889427173736,0.6217188471844871,0.08093224505851117,0.07423603366615343,0.15704606703103985
frozenset({'Limes'}),frozenset({'Organic Avocado'}),0.05191762844492414,0.06685636490746079,0.00793543718494352,0.15284668084101113,2.286194905340334,1.0,0.004464413272499706,1.1015050215690794,0.593399889229022,0.07159455571539229,0.09215121091730187,0.13577024924457454
frozenset({'Organic Avocado'}),frozenset({'Limes'}),0.06685636490746079,0.05191762844492414,0.00793543718494352,0.11869381764813795,2.2861949053403334,1.0,0.004464413272499706,1.075769568556769,0.6028996534975869,0.07159455571539229,0.0704328982445748,0.13577024924457454
frozenset({'Organic Navel Orange'}),frozenset({'Bag of Organic Bananas'}),0.01614070376412005,0.14779291820489862,0.005322998049869378,0.32978723404255317,2.2314143197669285,1.0,0.0029375163386892843,1.271547074424437,0.5609071683381408,0.03356016084132385,0.21355644622701217,0.1829019157764633
frozenset({'Bag of Organic Bananas'}),frozenset({'Organic Navel Orange'}),0.14779291820489862,0.01614070376412005,0.005322998049869378,0.03601659751037345,2.2314143197669285,1.0,0.0029375163386892843,1.0206185020353267,0.6475582563012627,0.03356016084132385,0.020201967722718105,0.1829019157764633
frozenset({'Organic Baby Spinach'}),frozenset({'Michigan Organic Kale'}),0.09143536972759496,0.0255847325622754,0.00520034832521801,0.056874580818242794,2.222989068961548,1.0,0.002860998844004721,1.0331767627290906,0.6055212965222276,0.04650652626960623,0.03211141009545722,0.130067204119572
frozenset({'Michigan Organic Kale'}),frozenset({'Organic Baby Spinach'}),0.0255847325622754,0.09143536972759496,0.00520034832521801,0.20325982742090123,2.222989068961548,1.0,0.002860998844004721,1.1403524781878682,0.564600382692532,0.04650652626960623,0.12307815423078836,0.130067204119572
frozenset({'Organic Hass Avocado'}),frozenset({'Organic Yellow Onion'}),0.08194228103957907,0.04280475390332749,0.007739197625501331,0.0944469390809759,2.2064591071888846,1.0,0.004231678451324851,1.0570283370532014,0.5955890940161009,0.06614255765199162,0.05395156880295744,0.13762461567229312
frozenset({'Organic Yellow Onion'}),frozenset({'Organic Hass Avocado'}),0.04280475390332749,0.08194228103957907,0.007739197625501331,0.1808022922636103,2.2064591071888846,1.0,0.004231678451324851,1.1206790623196463,0.5712368164382864,0.06614255765199162,0.10768387344531795,0.13762461567229312
frozenset({'Organic Baby Spinach'}),frozenset({'Organic Zucchini'}),0.09143536972759496,0.039125262163786444,0.007861847350152698,0.08598256203890006,2.1976226428581938,1.0,0.0042844145385178035,1.0512652143482495,0.5998063389691829,0.06407437025189924,0.04876525319068249,0.14346150045518669
frozenset({'Organic Zucchini'}),frozenset({'Organic Baby Spinach'}),0.039125262163786444,0.09143536972759496,0.007861847350152698,0.20094043887147334,2.1976226428581938,1.0,0.0042844145385178035,1.1370424364727234,0.5671528276701061,0.06407437025189924,0.12052534899035929,0.14346150045518669
frozenset({'Organic Large Extra Fancy Fuji Apple'}),frozenset({'Organic Hass Avocado'}),0.02857738584376878,0.08194228103957907,0.0051390234628923255,0.17982832618025751,2.1945731055912194,1.0,0.0027973272807057356,1.1193482392348408,0.5603436708374242,0.048766294227188076,0.10662297491656784,0.12127174429054785
frozenset({'Organic Hass Avocado'}),frozenset({'Organic Large Extra Fancy Fuji Apple'}),0.08194228103957907,0.02857738584376878,0.0051390234628923255,0.06271516240083819,2.194573105591219,1.0,0.0027973272807057356,1.0364219874126126,0.5929153497747089,0.048766294227188076,0.035142044316850876,0.12127174429054785
frozenset({'Organic Strawberries'}),"frozenset({'Organic Hass Avocado', 'Bag of Organic Bananas'})",0.10170115168091448,0.02468938957232041,0.005445647774520746,0.05354558610709117,2.16876913664653,1.0,0.0029347084207169997,1.0304887336475943,0.5999216950187035,0.045025859446303614,0.029586673441517407,0.1370559525170329
"frozenset({'Organic Hass Avocado', 'Bag of Organic Bananas'})",frozenset({'Organic Strawberries'}),0.02468938957232041,0.10170115168091448,0.005445647774520746,0.22056631892697465,2.1687691366465294,1.0,0.0029347084207169997,1.1525019640958056,0.5525511175159062,0.045025859446303614,0.13232251991470656,0.1370559525170329
frozenset({'Organic Baby Spinach'}),frozenset({'Organic Garlic'}),0.09143536972759496,0.04071970858425423,0.008058086909594888,0.0881287726358149,2.1642780781071975,1.0,0.00433486529999368,1.0519909638870821,0.5920901466194894,0.06493378137971931,0.04942149283771107,0.14301016945043757
frozenset({'Organic Garlic'}),frozenset({'Organic Baby Spinach'}),0.04071970858425423,0.09143536972759496,0.008058086909594888,0.19789156626506024,2.1642780781071975,1.0,0.00433486529999368,1.1327204553152026,0.5607872589119269,0.06493378137971931,0.11716964648463993,0.14301016945043757
frozenset({'Organic Baby Spinach'}),frozenset({'Organic Cucumber'}),0.09143536972759496,0.03077281591502827,0.006009836507917039,0.06572769953051642,2.135901365413151,1.0,0.003196112707167211,1.0374140211562763,0.5853337987372383,0.05172049820561536,0.03606469586228988,0.1305123152893714
frozenset({'Organic Cucumber'}),frozenset({'Organic Baby Spinach'}),0.03077281591502827,0.09143536972759496,0.006009836507917039,0.19529693104822637,2.135901365413151,1.0,0.003196112707167211,1.1290681809576346,0.5486985870476961,0.05172049820561536,0.11431389453218284,0.1305123152893714
frozenset({'Organic Large Extra Fancy Fuji Apple'}),frozenset({'Bag of Organic Bananas'}),0.02857738584376878,0.14779291820489862,0.008892105037224192,0.3111587982832618,2.1053701494132104,1.0,0.004668569788706244,1.2371604365000537,0.5404693395887565,0.053094104723544484,0.19169739793084906,0.18566238669349813
frozenset({'Bag of Organic Bananas'}),frozenset({'Organic Large Extra Fancy Fuji Apple'}),0.14779291820489862,0.02857738584376878,0.008892105037224192,0.06016597510373444,2.1053701494132104,1.0,0.004668569788706244,1.0336108168284843,0.6160757754191425,0.053094104723544484,0.032517864830028914,0.18566238669349813
frozenset({'Organic Cucumber'}),frozenset({'Organic Strawberries'}),0.03077281591502827,0.10170115168091448,0.006561760268848196,0.21323236349143085,2.096656330504924,1.0,0.003432129449825047,1.141758769216102,0.5396568746180032,0.052113773621663737,0.12415824869331156,0.13887619139356877
frozenset({'Organic Strawberries'}),frozenset({'Organic Cucumber'}),0.10170115168091448,0.03077281591502827,0.006561760268848196,0.0645200192957067,2.0966563305049237,1.0,0.003432129449825047,1.0360747467361848,0.5822673756476985,0.052113773621663737,0.03481867196341432,0.13887619139356877
"frozenset({""Organic D'Anjou Pears""})",frozenset({'Bag of Organic Bananas'}),0.018054039468681393,0.14779291820489862,0.005592827444102388,0.3097826086956522,2.0960585423056113,1.0,0.002924568265639548,1.2346937248055014,0.5325283769371469,0.03489973978264198,0.19008254443220085,0.17381246617355225
frozenset({'Bag of Organic Bananas'}),"frozenset({""Organic D'Anjou Pears""})",0.14779291820489862,0.018054039468681393,0.005592827444102388,0.037842323651452285,2.096058542305611,1.0,0.002924568265639548,1.0205665710196987,0.6135997925530693,0.03489973978264198,0.020152111193638092,0.17381246617355225
frozenset({'Organic Fuji Apple'}),frozenset({'Banana'}),0.03413341837047576,0.17746188659806458,0.01259612672169551,0.36902623068630974,2.079467528270571,1.0,0.006538745901629846,1.3036011216387164,0.5374527627084589,0.06329738058551618,0.23289418565171915,0.22000278290829414
frozenset({'Banana'}),frozenset({'Organic Fuji Apple'}),0.17746188659806458,0.03413341837047576,0.01259612672169551,0.07097933513027853,2.079467528270571,1.0,0.006538745901629846,1.039661030322689,0.6311046919851356,0.06329738058551618,0.03814803976097777,0.22000278290829414
frozenset({'Organic Hass Avocado'}),frozenset({'Organic Zucchini'}),0.08194228103957907,0.039125262163786444,0.006623085131173881,0.08082622361921868,2.065832128635033,1.0,0.0034170719032016825,1.0453678755062275,0.5619837961725954,0.05787161075983281,0.04339895702673827,0.1250526102422112
frozenset({'Organic Zucchini'}),frozenset({'Organic Hass Avocado'}),0.039125262163786444,0.08194228103957907,0.006623085131173881,0.16927899686520376,2.065832128635033,1.0,0.0034170719032016825,1.1051336315032991,0.5369415405474786,0.05787161075983281,0.09513205327059608,0.1250526102422112
frozenset({'Organic Grape Tomatoes'}),frozenset({'Organic Baby Spinach'}),0.0320483730514025,0.09143536972759496,0.006022101480382177,0.18790662074244166,2.055075856337156,1.0,0.003091746641259299,1.1187932982572077,0.5303983615881612,0.051268664508718816,0.1061798443396622,0.12688422921763265
frozenset({'Organic Baby Spinach'}),frozenset({'Organic Grape Tomatoes'}),0.09143536972759496,0.0320483730514025,0.006022101480382177,0.06586183769282361,2.055075856337156,1.0,0.003091746641259299,1.036197498406346,0.5650670738483448,0.051268664508718816,0.03493301080345904,0.12688422921763265
frozenset({'Bag of Organic Bananas'}),frozenset({'Organic Kiwi'}),0.14779291820489862,0.01903523726589234,0.00577680203107944,0.039087136929460586,2.053409494374813,1.0,0.0029635287668305756,1.02086755254737,0.6019723225461401,0.035869316883710305,0.0204409989281168,0.17128325918637977
frozenset({'Organic Kiwi'}),frozenset({'Bag of Organic Bananas'}),0.01903523726589234,0.14779291820489862,0.00577680203107944,0.30347938144329895,2.053409494374813,1.0,0.0029635287668305756,1.2235202506438458,0.5229597390314381,0.035869316883710305,0.18268618809228865,0.17128325918637977
frozenset({'Organic Raspberries'}),frozenset({'Bag of Organic Bananas'}),0.05287429629720481,0.14779291820489862,0.015956729177142998,0.30178612850846676,2.0419525656166657,1.0,0.008142282629348633,1.2205530663184991,0.5387591712532847,0.08638778220451528,0.18069928494280357,0.20487646674385995
frozenset({'Bag of Organic Bananas'}),frozenset({'Organic Raspberries'}),0.14779291820489862,0.05287429629720481,0.015956729177142998,0.10796680497925312,2.0419525656166657,1.0,0.008142282629348633,1.0617606037416207,0.5987660394991745,0.08638778220451528,0.05816810637348742,0.20487646674385995
frozenset({'Bag of Organic Bananas'}),frozenset({'Organic Hass Avocado'}),0.14779291820489862,0.08194228103957907,0.02468938957232041,0.1670539419087137,2.038678198719227,1.0,0.012578900733115085,1.1021814798717815,0.5978430688843401,0.12040913984926427,0.09270839851497828,0.2341780710890672
frozenset({'Organic Hass Avocado'}),frozenset({'Bag of Organic Bananas'}),0.08194228103957907,0.14779291820489862,0.02468938957232041,0.30130220026942073,2.038678198719227,1.0,0.012578900733115085,1.2197076935460738,0.5549608554920458,0.12040913984926427,0.18013143207067456,0.2341780710890672
frozenset({'Organic Garlic'}),frozenset({'Organic Hass Avocado'}),0.04071970858425423,0.08194228103957907,0.006794794745685796,0.16686746987951806,2.036402547775295,1.0,0.0034581289410250756,1.1019347892077358,0.5305414479325433,0.05864295543558802,0.09250528271371168,0.12489459409258047
frozenset({'Organic Hass Avocado'}),frozenset({'Organic Garlic'}),0.08194228103957907,0.04071970858425423,0.006794794745685796,0.08292171830564286,2.036402547775295,1.0,0.0034581289410250756,1.0460178924348944,0.5543637881038318,0.05864295543558802,0.04399340849493025,0.12489459409258047
frozenset({'Honeycrisp Apple'}),frozenset({'Banana'}),0.031103970171586965,0.17746188659806458,0.011050740191088272,0.3552839116719243,2.0020293849158204,1.0,0.0055309709637485225,1.2758144682491181,0.5165743449676794,0.05594883258817685,0.2161869731949631,0.2087774869714933
frozenset({'Banana'}),frozenset({'Honeycrisp Apple'}),0.17746188659806458,0.031103970171586965,0.011050740191088272,0.06227106227106228,2.0020293849158204,1.0,0.0055309709637485225,1.033236781809206,0.6084907480826043,0.05594883258817685,0.03216763320311557,0.2087774869714933
frozenset({'Organic Hass Avocado'}),frozenset({'Organic Grape Tomatoes'}),0.08194228103957907,0.0320483730514025,0.005249408215078557,0.06406226612782517,1.9989241271335516,1.0,0.0026232914236392615,1.0342051526696914,0.5443349330841522,0.04827430633882247,0.0330738563634056,0.11392933436509896
frozenset({'Organic Grape Tomatoes'}),frozenset({'Organic Hass Avocado'}),0.0320483730514025,0.08194228103957907,0.005249408215078557,0.16379640260237274,1.9989241271335514,1.0,0.0026232914236392615,1.0978877893105627,0.5162767158035347,0.04827430633882247,0.0891601038499874,0.11392933436509896
frozenset({'Organic Baby Arugula'}),frozenset({'Organic Baby Spinach'}),0.02753486318423215,0.09143536972759496,0.005016373738240957,0.1821826280623608,1.9924743412217925,1.0,0.002498713342591948,1.1109627423537851,0.5122152561217822,0.044021095683995266,0.09987980525673563,0.11852256822299798
frozenset({'Organic Baby Spinach'}),frozenset({'Organic Baby Arugula'}),0.09143536972759496,0.02753486318423215,0.005016373738240957,0.05486250838363514,1.9924743412217925,1.0,0.002498713342591948,1.028913936270444,0.5482400068493191,0.044021095683995266,0.028101413783207095,0.11852256822299798
frozenset({'Organic Grape Tomatoes'}),frozenset({'Organic Strawberries'}),0.0320483730514025,0.10170115168091448,0.006475905461592239,0.20206659012629163,1.9868662919400548,1.0,0.003216549012765021,1.1257817221380195,0.5131401764732987,0.05088175773344897,0.11172833921938444,0.13287121112682165
frozenset({'Organic Strawberries'}),frozenset({'Organic Grape Tomatoes'}),0.10170115168091448,0.0320483730514025,0.006475905461592239,0.06367583212735166,1.9868662919400548,1.0,0.003216549012765021,1.033778321826091,0.5529283151141127,0.05088175773344897,0.032674627734913364,0.13287121112682165
frozenset({'Organic Baby Spinach'}),frozenset({'Organic Baby Carrots'}),0.09143536972759496,0.028638710706094465,0.005053168655636368,0.055264922870556676,1.929728032721669,1.0,0.0024345775537029887,1.0281837869780015,0.5302784692702548,0.043932608232032426,0.02741123458174572,0.11585515950808348
frozenset({'Organic Baby Carrots'}),frozenset({'Organic Baby Spinach'}),0.028638710706094465,0.09143536972759496,0.005053168655636368,0.17644539614561028,1.929728032721669,1.0,0.0024345775537029887,1.1032233030088745,0.49599697525950076,0.043932608232032426,0.09356519457787794,0.11585515950808348
frozenset({'Broccoli Crown'}),frozenset({'Banana'}),0.016557712827934702,0.17746188659806458,0.005580562471637251,0.337037037037037,1.899208013044491,1.0,0.0026421995154429835,1.2406999475895115,0.4814362146589675,0.029614683676126005,0.19400335113832667,0.18424178895877008
frozenset({'Banana'}),frozenset({'Broccoli Crown'}),0.17746188659806458,0.016557712827934702,0.005580562471637251,0.031446540880503145,1.8992080130444908,1.0,0.0026421995154429835,1.0153722315607687,0.5756143385422879,0.029614683676126005,0.015139503605627911,0.18424178895877008
frozenset({'Organic Strawberries'}),frozenset({'Apple Honeycrisp Organic'}),0.10170115168091448,0.03196251824414654,0.006169281149963819,0.06066087795465509,1.8978754268138505,1.0,0.002918656233911875,1.0305516495980918,0.5266566111719791,0.04838864838864839,0.029645917902326124,0.12683849730426539
frozenset({'Apple Honeycrisp Organic'}),frozenset({'Organic Strawberries'}),0.03196251824414654,0.10170115168091448,0.006169281149963819,0.1930161166538757,1.8978754268138502,1.0,0.002918656233911875,1.1131558719541308,0.4887156088391415,0.04838864838864839,0.10165321389850558,0.12683849730426539
frozenset({'Organic Baby Spinach'}),frozenset({'Organic Avocado'}),0.09143536972759496,0.06685636490746079,0.011565869034624017,0.12649228705566734,1.8920006678608925,1.0,0.005452832590667335,1.068271775125135,0.5189052541190926,0.0788263813424726,0.06390862017967094,0.1497440338231923
frozenset({'Organic Avocado'}),frozenset({'Organic Baby Spinach'}),0.06685636490746079,0.09143536972759496,0.011565869034624017,0.17299578059071727,1.8920006678608923,1.0,0.005452832590667335,1.098621517217143,0.5052372889071547,0.0788263813424726,0.08976841948895692,0.1497440338231923
frozenset({'Organic Hass Avocado'}),frozenset({'Organic Strawberries'}),0.08194228103957907,0.10170115168091448,0.01567463481044485,0.19128872923215087,1.880890492099006,1.0,0.007341010457358497,1.1107781983379252,0.5101388806305476,0.09331872946330777,0.09973025983376739,0.17270659327019988
frozenset({'Organic Strawberries'}),frozenset({'Organic Hass Avocado'}),0.10170115168091448,0.08194228103957907,0.01567463481044485,0.1541244573082489,1.8808904920990057,1.0,0.007341010457358497,1.0853342751097532,0.5213598325112675,0.09331872946330777,0.07862487812902069,0.17270659327019988
frozenset({'Organic Large Extra Fancy Fuji Apple'}),frozenset({'Organic Strawberries'}),0.02857738584376878,0.10170115168091448,0.005457912746985883,0.19098712446351931,1.87792489373904,1.0,0.0025515596946447364,1.1103640936782329,0.4812502136807609,0.04372604893387049,0.09939450879813384,0.12232665436875917
frozenset({'Organic Strawberries'}),frozenset({'Organic Large Extra Fancy Fuji Apple'}),0.10170115168091448,0.02857738584376878,0.005457912746985883,0.05366618427399904,1.87792489373904,1.0,0.0025515596946447364,1.0265115734144856,0.5204251808980941,0.04372604893387049,0.025826862649293125,0.12232665436875917
frozenset({'Apple Honeycrisp Organic'}),frozenset({'Bag of Organic Bananas'}),0.03196251824414654,0.14779291820489862,0.008867575092293918,0.2774366845740599,1.877198772064467,1.0,0.004143741247814189,1.179422015484883,0.48272031962023987,0.05189119356922415,0.15212706997937375,0.16871834228702995
frozenset({'Bag of Organic Bananas'}),frozenset({'Apple Honeycrisp Organic'}),0.14779291820489862,0.03196251824414654,0.008867575092293918,0.060000000000000005,1.877198772064467,1.0,0.004143741247814189,1.029827108250908,0.5483307667582958,0.05189119356922415,0.028963219177214394,0.16871834228702995
frozenset({'Banana'}),frozenset({'Cucumber Kirby'}),0.17746188659806458,0.03753081574331866,0.01236309224485791,0.06966618287373005,1.8562395059620367,1.0,0.005702802877484238,1.0345417596768385,0.5607964034355243,0.061013255856183043,0.03338846339816029,0.1995389737898062
frozenset({'Cucumber Kirby'}),frozenset({'Banana'}),0.03753081574331866,0.17746188659806458,0.01236309224485791,0.32941176470588235,1.8562395059620365,1.0,0.005702802877484238,1.226591923494114,0.47926356836109235,0.061013255856183043,0.184732932896408,0.1995389737898062
frozenset({'Organic Baby Spinach'}),frozenset({'Cucumber Kirby'}),0.09143536972759496,0.03753081574331866,0.006267400929684913,0.06854460093896714,1.8263552118813096,1.0,0.0028357569160163292,1.033296049630409,0.4979958185503839,0.051079568172730905,0.03222314615672661,0.11776903249562735
frozenset({'Cucumber Kirby'}),frozenset({'Organic Baby Spinach'}),0.03753081574331866,0.09143536972759496,0.006267400929684913,0.16699346405228757,1.8263552118813096,1.0,0.0028357569160163292,1.0907052838891955,0.4701048035193676,0.051079568172730905,0.08316204682328306,0.11776903249562735
frozenset({'Organic Cucumber'}),frozenset({'Bag of Organic Bananas'}),0.03077281591502827,0.14779291820489862,0.008254326469037078,0.2682343563172579,1.814933757146472,1.0,0.003706322203572902,1.1645901787711925,0.46327188354687976,0.04846608094483653,0.1413288397682165,0.16204248936194846
frozenset({'Bag of Organic Bananas'}),frozenset({'Organic Cucumber'}),0.14779291820489862,0.03077281591502827,0.008254326469037078,0.05585062240663901,1.814933757146472,1.0,0.003706322203572902,1.0265612699502424,0.5268856745593689,0.04846608094483653,0.025874023039589217,0.16204248936194846
frozenset({'Organic Strawberries'}),frozenset({'Organic Baby Carrots'}),0.10170115168091448,0.028638710706094465,0.0052739381600088306,0.051857211770381086,1.8107383500104843,1.0,0.0023613482985424877,1.024488401275129,0.49842999997142273,0.04216926547023633,0.02390305370431679,0.11800569367962307
frozenset({'Organic Baby Carrots'}),frozenset({'Organic Strawberries'}),0.028638710706094465,0.10170115168091448,0.0052739381600088306,0.18415417558886507,1.810738350010484,1.0,0.0023613482985424877,1.1010644676247057,0.46093981701440656,0.04216926547023633,0.09178796573349539,0.11800569367962307
frozenset({'Bag of Organic Bananas'}),frozenset({'Organic Gala Apples'}),0.14779291820489862,0.027755632688604613,0.007371248451547226,0.04987551867219917,1.7969512434380979,1.0,0.0032691624998750744,1.0232810399250865,0.5204156163313437,0.043830221703617264,0.02275136449981601,0.15772609340591842
frozenset({'Organic Gala Apples'}),frozenset({'Bag of Organic Bananas'}),0.027755632688604613,0.14779291820489862,0.007371248451547226,0.26557666813963765,1.7969512434380976,1.0,0.0032691624998750744,1.160375827979732,0.4561629654289234,0.043830221703617264,0.13821024543311425,0.15772609340591842
frozenset({'Limes'}),frozenset({'Organic Hass Avocado'}),0.05191762844492414,0.08194228103957907,0.0076288128733150995,0.14694070399244036,1.7932220354162012,1.0,0.003374563972372681,1.0761944958071066,0.46656765930541627,0.06043528954527788,0.07079993077827766,0.12002026967321464
frozenset({'Organic Hass Avocado'}),frozenset({'Limes'}),0.08194228103957907,0.05191762844492414,0.0076288128733150995,0.09309983535398893,1.7932220354162012,1.0,0.003374563972372681,1.0454098571314512,0.48182653856020796,0.06043528954527788,0.04343737226283026,0.12002026967321464
frozenset({'Organic Hass Avocado'}),frozenset({'Organic Baby Spinach'}),0.08194228103957907,0.09143536972759496,0.01340561490439454,0.1635982637329741,1.7892229694085282,1.0,0.005913192141218134,1.0862777907748635,0.4804688815878155,0.0837997393237752,0.07942516316505004,0.15510563756735896
frozenset({'Organic Baby Spinach'}),frozenset({'Organic Hass Avocado'}),0.09143536972759496,0.08194228103957907,0.01340561490439454,0.1466130114017438,1.7892229694085282,1.0,0.005913192141218134,1.0757812472257053,0.48548903486340295,0.0837997393237752,0.07044298961441747,0.15510563756735896
frozenset({'Organic Lemon'}),frozenset({'Organic Baby Spinach'}),0.0340475635632198,0.09143536972759496,0.005519237609311567,0.16210374639769454,1.7728779014142493,1.0,0.0024060860465847742,1.0843402466191732,0.45131141782106143,0.0460075656885799,0.07778024184026605,0.11123295971796196
frozenset({'Organic Baby Spinach'}),frozenset({'Organic Lemon'}),0.09143536972759496,0.0340475635632198,0.005519237609311567,0.060362173038229376,1.7728779014142493,1.0,0.0024060860465847742,1.0280050554798281,0.4798176696635078,0.0460075656885799,0.027242137896643547,0.11123295971796196
frozenset({'Organic Whole Milk'}),frozenset({'Organic Strawberries'}),0.052530877068180985,0.10170115168091448,0.009456293770620485,0.18001400887228577,1.7700292071133714,1.0,0.004113843073977938,1.095505115988224,0.4591575182904561,0.06531684174855981,0.08717906890108104,0.13649759777912407
frozenset({'Organic Strawberries'}),frozenset({'Organic Whole Milk'}),0.10170115168091448,0.052530877068180985,0.009456293770620485,0.09298118668596238,1.7700292071133714,1.0,0.004113843073977938,1.0445969907393489,0.4842904696541246,0.06531684174855981,0.04269301092642809,0.13649759777912407
frozenset({'Organic Yellow Onion'}),frozenset({'Organic Baby Spinach'}),0.04280475390332749,0.09143536972759496,0.006917444470337164,0.16160458452722062,1.767418724380668,1.0,0.003003575971087702,1.0836946546994852,0.45362022191257906,0.054330026009055,0.07723084573365749,0.11862925403423405
frozenset({'Organic Baby Spinach'}),frozenset({'Organic Yellow Onion'}),0.09143536972759496,0.04280475390332749,0.006917444470337164,0.07565392354124749,1.7674187243806678,1.0,0.003003575971087702,1.035537739029269,0.47790009150791607,0.054330026009055,0.03431814958533797,0.11862925403423405
frozenset({'Organic Lemon'}),frozenset({'Bag of Organic Bananas'}),0.0340475635632198,0.14779291820489862,0.00878172028503796,0.25792507204610954,1.7451788298037718,1.0,0.003749731508262929,1.148411096632622,0.4420433178840253,0.050744153082919914,0.12923168111819364,0.1586720795915195
frozenset({'Bag of Organic Bananas'}),frozenset({'Organic Lemon'}),0.14779291820489862,0.0340475635632198,0.00878172028503796,0.05941908713692946,1.7451788298037716,1.0,0.003749731508262929,1.0269743126048352,0.5010435010951193,0.050744153082919914,0.02626581042364831,0.1586720795915195
frozenset({'Banana'}),frozenset({'Seedless Red Grapes'}),0.17746188659806458,0.03131247470349429,0.009554413550341579,0.053839242518487804,1.7194183158088,1.0,0.00399764271540531,1.0238086050778044,0.5086791196867186,0.04795912085205935,0.023254937455809904,0.1794852303465921
frozenset({'Seedless Red Grapes'}),frozenset({'Banana'}),0.03131247470349429,0.17746188659806458,0.009554413550341579,0.3051312181746964,1.7194183158087997,1.0,0.00399764271540531,1.1837315690615224,0.43193284986920855,0.04795912085205935,0.1552138794500406,0.1794852303465921
frozenset({'Organic Baby Spinach'}),frozenset({'Large Lemon'}),0.09143536972759496,0.05792746495284118,0.009100609569131517,0.09953051643192488,1.7181921652009595,1.0,0.0038039903937861844,1.04620151180941,0.46005854614233743,0.06488282616299405,0.044161197711810075,0.12831702616006577
frozenset({'Large Lemon'}),frozenset({'Organic Baby Spinach'}),0.05792746495284118,0.09143536972759496,0.009100609569131517,0.15710353588820664,1.7181921652009593,1.0,0.0038039903937861844,1.0779077490019013,0.4436950524818653,0.06488282616299405,0.07227682431454888,0.12831702616006577
frozenset({'Organic Lemon'}),frozenset({'Organic Strawberries'}),0.0340475635632198,0.10170115168091448,0.005936246673126219,0.17435158501440923,1.7143521202339396,1.0,0.002473570246817625,1.0879919733567982,0.4313765839206002,0.04572940287226002,0.08087557216558795,0.11636054889890746
frozenset({'Organic Strawberries'}),frozenset({'Organic Lemon'}),0.10170115168091448,0.0340475635632198,0.005936246673126219,0.05836951278340569,1.7143521202339396,1.0,0.002473570246817625,1.0258296110314782,0.4638648519249425,0.04572940287226002,0.025179241029615353,0.11636054889890746
frozenset({'Small Hass Avocado'}),frozenset({'Banana'}),0.018667288091938232,0.17746188659806458,0.005531502581776704,0.2963206307490145,1.6697705430132974,1.0,0.00221877041931176,1.168910372173432,0.4087454881827363,0.02902187902187902,0.14450241540706488,0.16374535926143793
frozenset({'Banana'}),frozenset({'Small Hass Avocado'}),0.17746188659806458,0.018667288091938232,0.005531502581776704,0.03117008777386136,1.6697705430132972,1.0,0.00221877041931176,1.0129050512625015,0.48765560144024994,0.02902187902187902,0.012740632743825702,0.16374535926143793
frozenset({'Bag of Organic Bananas'}),frozenset({'Organic Whole String Cheese'}),0.14779291820489862,0.022248660051758185,0.005482442691916157,0.03709543568464731,1.667311002026653,1.0,0.002194248296718064,1.0154187405305795,0.4696415690947984,0.033315942461056874,0.01518461292384938,0.14175609711465
frozenset({'Organic Whole String Cheese'}),frozenset({'Bag of Organic Bananas'}),0.022248660051758185,0.14779291820489862,0.005482442691916157,0.2464167585446527,1.667311002026653,1.0,0.002194248296718064,1.130873186815153,0.4093391179695414,0.033315942461056874,0.11572755313416475,0.14175609711465
frozenset({'Organic Strawberries'}),frozenset({'Seedless Red Grapes'}),0.10170115168091448,0.03131247470349429,0.005249408215078557,0.05161601543656536,1.6484169943554579,1.0,0.0020648934757536864,1.0214085655847693,0.43789144709432576,0.041086685226072756,0.020959845360717697,0.10963096110645346
frozenset({'Seedless Red Grapes'}),frozenset({'Organic Strawberries'}),0.03131247470349429,0.10170115168091448,0.005249408215078557,0.16764590677634156,1.6484169943554576,1.0,0.0020648934757536864,1.0792268045922944,0.40607251806325034,0.041086685226072756,0.07341070871773264,0.10963096110645346
frozenset({'Yellow Onions'}),frozenset({'Banana'}),0.02816037677995413,0.17746188659806458,0.008156206689315982,0.2896341463414634,1.6320921178836503,1.0,0.0031588130986329914,1.1579077304542265,0.3985117266455131,0.04130434782608696,0.13637332777136071,0.16779723766033014
frozenset({'Banana'}),frozenset({'Yellow Onions'}),0.17746188659806458,0.02816037677995413,0.008156206689315982,0.0459603289791969,1.63209211788365,1.0,0.0031588130986329914,1.0186574549674619,0.47084685798954024,0.04130434782608696,0.018315730058695568,0.16779723766033014
frozenset({'Organic Baby Spinach'}),frozenset({'Limes'}),0.09143536972759496,0.05191762844492414,0.007739197625501331,0.08464118041582831,1.6302975107119608,1.0,0.0029920900732597917,1.0357494255485187,0.4255228640869356,0.05706792077417021,0.03451551569008706,0.11685401803687706
frozenset({'Limes'}),frozenset({'Organic Baby Spinach'}),0.05191762844492414,0.09143536972759496,0.007739197625501331,0.14906685565792582,1.6302975107119606,1.0,0.0029920900732597917,1.0677273958753721,0.40778632245578295,0.05706792077417021,0.06343135535999442,0.11685401803687706
frozenset({'Banana'}),frozenset({'Boneless Skinless Chicken Breasts'}),0.17746188659806458,0.019464511302172128,0.005543767554241841,0.031239201050521807,1.6049311778526745,1.0,0.002089558656849024,1.0121543829613235,0.4582405566364292,0.02896693155601128,0.012008427929504845,0.15802665786615566
frozenset({'Boneless Skinless Chicken Breasts'}),frozenset({'Banana'}),0.019464511302172128,0.17746188659806458,0.005543767554241841,0.2848141146817895,1.6049311778526745,1.0,0.002089558656849024,1.1501039523954815,0.3844025303362955,0.02896693155601128,0.130513378449695,0.15802665786615566
frozenset({'Organic Tomato Cluster'}),frozenset({'Bag of Organic Bananas'}),0.023597807022923235,0.14779291820489862,0.005568297499172114,0.23596673596673595,1.5966038077656335,1.0,0.0020807087360182382,1.1154057315467858,0.3827014555667255,0.033579881656804735,0.10346524881734932,0.1368215422572269
frozenset({'Bag of Organic Bananas'}),frozenset({'Organic Tomato Cluster'}),0.14779291820489862,0.023597807022923235,0.005568297499172114,0.03767634854771784,1.5966038077656335,1.0,0.0020807087360182382,1.0146297365793182,0.4384738738426874,0.033579881656804735,0.014418793429650903,0.1368215422572269
frozenset({'Organic Avocado'}),frozenset({'Banana'}),0.06685636490746079,0.17746188659806458,0.018937117486171242,0.28325077967345436,1.5961217650919728,1.0,0.007072660838604611,1.1475954072572176,0.40023997321951366,0.08402263822377012,0.12861275526535482,0.19498083941859184
frozenset({'Banana'}),frozenset({'Organic Avocado'}),0.17746188659806458,0.06685636490746079,0.018937117486171242,0.10671089916372935,1.5961217650919728,1.0,0.007072660838604611,1.0446154937063017,0.45405966901000594,0.08402263822377012,0.04270996742352126,0.19498083941859184
frozenset({'Bag of Organic Bananas'}),frozenset({'Organic Unsweetened Almond Milk'}),0.14779291820489862,0.022199600161897638,0.005175818380287737,0.03502074688796681,1.5775395337108276,1.0,0.001894874689378945,1.0132864480606412,0.4295921406804611,0.03140348266111029,0.013112233057167915,0.13408495907934254
frozenset({'Organic Unsweetened Almond Milk'}),frozenset({'Bag of Organic Bananas'}),0.022199600161897638,0.14779291820489862,0.005175818380287737,0.23314917127071824,1.5775395337108276,1.0,0.001894874689378945,1.1113075057990875,0.3744132899025435,0.03140348266111029,0.10015905158406331,0.13408495907934254
frozenset({'Strawberries'}),frozenset({'Banana'}),0.054603657414789106,0.17746188659806458,0.015233095801699926,0.27897574123989216,1.5720318688583959,1.0,0.005543027741717053,1.1407911778396935,0.384897385377964,0.07025284235533685,0.1234153809869994,0.18240721542608335
frozenset({'Banana'}),frozenset({'Strawberries'}),0.17746188659806458,0.054603657414789106,0.015233095801699926,0.08583868961227452,1.5720318688583959,1.0,0.005543027741717053,1.0341679655904903,0.44238750092924434,0.07025284235533685,0.03303908719603506,0.18240721542608335
frozenset({'Banana'}),frozenset({'Blueberries'}),0.17746188659806458,0.021942035740129765,0.00604663142531245,0.034072845393600115,1.552857072932587,1.0,0.0021527563670668617,1.0125587210128837,0.4328379733058718,0.03127180463051063,0.012402955751860931,0.15482289558668266
frozenset({'Blueberries'}),frozenset({'Banana'}),0.021942035740129765,0.17746188659806458,0.00604663142531245,0.2755729457797652,1.5528570729325868,1.0,0.0021527563670668617,1.135432627219184,0.36401291434822663,0.03127180463051063,0.11927843534924247,0.15482289558668266
frozenset({'Organic Strawberries'}),frozenset({'Bag of Organic Bananas'}),0.10170115168091448,0.14779291820489862,0.023291182711294812,0.2290159189580318,1.5495730224402662,1.0,0.00826047271957343,1.1053497766690101,0.39481397441539545,0.10296589491948165,0.09530899529964462,0.1933046399769412
frozenset({'Bag of Organic Bananas'}),frozenset({'Organic Strawberries'}),0.14779291820489862,0.10170115168091448,0.023291182711294812,0.1575933609958506,1.5495730224402662,1.0,0.00826047271957343,1.0663482535952102,0.4161675560951308,0.10296589491948165,0.06222006119625193,0.1933046399769412
frozenset({'Organic Baby Spinach'}),frozenset({'Organic Strawberries'}),0.09143536972759496,0.10170115168091448,0.014337752811744937,0.1568075117370892,1.5418459785890128,1.0,0.005038670406078307,1.065354424788225,0.3867933831842242,0.08018932638221977,0.06134524179708215,0.14889338442619052
frozenset({'Organic Strawberries'}),frozenset({'Organic Baby Spinach'}),0.10170115168091448,0.09143536972759496,0.014337752811744937,0.14097925711529183,1.5418459785890126,1.0,0.005038670406078307,1.0576748440571082,0.39121366774785926,0.08018932638221977,0.05452984381842232,0.14889338442619052
frozenset({'Organic Zucchini'}),frozenset({'Organic Strawberries'}),0.039125262163786444,0.10170115168091448,0.006071161370242724,0.15517241379310345,1.5257685014222266,1.0,0.0020920771483679346,1.0632925143368765,0.35862382939977616,0.04505324474378811,0.059525025788739964,0.10743425320624782
frozenset({'Organic Strawberries'}),frozenset({'Organic Zucchini'}),0.10170115168091448,0.039125262163786444,0.006071161370242724,0.05969609261939218,1.5257685014222266,1.0,0.0020920771483679346,1.0218767892956115,0.3836057217496575,0.04505324474378811,0.021408441335370138,0.10743425320624782
frozenset({'Organic Blueberries'}),frozenset({'Organic Baby Spinach'}),0.037874234972342484,0.09143536972759496,0.005151288435357462,0.13601036269430053,1.4875027366270162,1.0,0.00168824375751152,1.051592045832529,0.3406335649180955,0.04148967697322928,0.04906089394360546,0.09617419543165731
frozenset({'Organic Baby Spinach'}),frozenset({'Organic Blueberries'}),0.09143536972759496,0.037874234972342484,0.005151288435357462,0.056338028169014086,1.4875027366270162,1.0,0.00168824375751152,1.0195661092084132,0.3607143821377467,0.04148967697322928,0.019190623375667355,0.09617419543165731
frozenset({'Red Vine Tomato'}),frozenset({'Banana'}),0.02096083794291882,0.17746188659806458,0.005531502581776704,0.26389701579871266,1.4870630582014266,1.0,0.001811752735750035,1.117422603977669,0.3345459234262161,0.02867679786354677,0.10508343357265358,0.14753355178628702
frozenset({'Banana'}),frozenset({'Red Vine Tomato'}),0.17746188659806458,0.02096083794291882,0.005531502581776704,0.03117008777386136,1.4870630582014266,1.0,0.001811752735750035,1.010537711214432,0.39819864296156326,0.02867679786354677,0.01042782579758266,0.14753355178628702
frozenset({'Red Peppers'}),frozenset({'Banana'}),0.02175806115315271,0.17746188659806458,0.00574000711368403,0.26381059751972946,1.4865760900944158,1.0,0.0018787805327294895,1.1172914342840992,0.33459337922157173,0.02966719492868463,0.10497837062471822,0.1480778054984092
frozenset({'Banana'}),frozenset({'Red Peppers'}),0.17746188659806458,0.02175806115315271,0.00574000711368403,0.03234501347708895,1.4865760900944156,1.0,0.0018787805327294895,1.0109408337386638,0.39793083223985054,0.02966719492868463,0.01082242736026647,0.1480778054984092
frozenset({'Bag of Organic Bananas'}),frozenset({'Organic Small Bunch Celery'}),0.14779291820489862,0.026467810579765248,0.005813596948474851,0.03933609958506224,1.4861863797353474,1.0,0.0019018419843968553,1.0133952040872347,0.3838701765438058,0.0345128877238969,0.013218144346064626,0.12949196082126144
frozenset({'Organic Small Bunch Celery'}),frozenset({'Bag of Organic Bananas'}),0.026467810579765248,0.14779291820489862,0.005813596948474851,0.2196478220574606,1.4861863797353474,1.0,0.0019018419843968553,1.0920800965046489,0.33603088474700166,0.0345128877238969,0.08431624823065982,0.12949196082126144
frozenset({'Organic Whole Milk'}),frozenset({'Organic Avocado'}),0.052530877068180985,0.06685636490746079,0.005151288435357462,0.09806210600046696,1.4667579689114056,1.0,0.0016392649491781906,1.0345985475281763,0.335867683772538,0.045093407773244575,0.03344151952546032,0.08755609427706341
frozenset({'Organic Avocado'}),frozenset({'Organic Whole Milk'}),0.06685636490746079,0.052530877068180985,0.005151288435357462,0.07705008255365987,1.4667579689114056,1.0,0.0016392649491781906,1.0265661278277372,0.3410238764941585,0.045093407773244575,0.025878632761780585,0.08755609427706341
frozenset({'Large Lemon'}),frozenset({'Banana'}),0.05792746495284118,0.17746188659806458,0.015073651159653147,0.2602159644293881,1.466320286669521,1.0,0.004793733943278686,1.111862481281437,0.337575658512562,0.06841841563213272,0.10060819855393804,0.1725780907225384
frozenset({'Banana'}),frozenset({'Large Lemon'}),0.17746188659806458,0.05792746495284118,0.015073651159653147,0.08494021701568871,1.466320286669521,1.0,0.004793733943278686,1.0295202046523673,0.3866334595364113,0.06841841563213272,0.028673749693271033,0.1725780907225384
frozenset({'Bag of Organic Bananas'}),frozenset({'Organic Yellow Onion'}),0.14779291820489862,0.04280475390332749,0.009210994321317749,0.062323651452282164,1.4559983592718972,1.0,0.0028847548289024534,1.020816241743951,0.3674999256923874,0.05078098586787477,0.020391761898683053,0.13875494893531012
frozenset({'Organic Yellow Onion'}),frozenset({'Bag of Organic Bananas'}),0.04280475390332749,0.14779291820489862,0.009210994321317749,0.21518624641833808,1.455998359271897,1.0,0.0028847548289024534,1.0858717471576866,0.3271913859908531,0.05078098586787477,0.079080929568763,0.13875494893531012
frozenset({'Organic Peeled Whole Baby Carrots'}),frozenset({'Banana'}),0.02177032612561785,0.17746188659806458,0.005617357389032662,0.2580281690140845,1.453992031531229,1.0,0.0017539542429253845,1.1085840176829425,0.319187129494669,0.029013049537564933,0.09794838816988773,0.14484102486228448
frozenset({'Banana'}),frozenset({'Organic Peeled Whole Baby Carrots'}),0.17746188659806458,0.02177032612561785,0.005617357389032662,0.031653880710484486,1.453992031531229,1.0,0.0017539542429253845,1.010206634165187,0.37960346943570034,0.029013049537564933,0.010103511321346216,0.14484102486228448
frozenset({'Organic Strawberries'}),frozenset({'Organic Yellow Onion'}),0.10170115168091448,0.04280475390332749,0.0063164608195454604,0.062108055957549445,1.4509616407985326,1.0,0.0019631680501589355,1.020581584239888,0.34598942737654376,0.04570870684299281,0.0201665252026047,0.10483626293579479
frozenset({'Organic Yellow Onion'}),frozenset({'Organic Strawberries'}),0.04280475390332749,0.10170115168091448,0.0063164608195454604,0.14756446991404013,1.4509616407985326,1.0,0.0019631680501589355,1.0538026825659188,0.3247006349126179,0.04570870684299281,0.05105574644668196,0.10483626293579479
frozenset({'Organic Blueberries'}),frozenset({'Bag of Organic Bananas'}),0.037874234972342484,0.14779291820489862,0.008107146799455435,0.21405440414507773,1.4483400608432053,1.0,0.002509603088114911,1.0843079804628237,0.32174007459093545,0.04565863093182289,0.07775279900350622,0.13445458796465504
frozenset({'Bag of Organic Bananas'}),frozenset({'Organic Blueberries'}),0.14779291820489862,0.037874234972342484,0.008107146799455435,0.05485477178423237,1.4483400608432053,1.0,0.002509603088114911,1.0179660609872045,0.36323849216766596,0.04565863093182289,0.01764897836552767,0.13445458796465504
frozenset({'Organic Baby Carrots'}),frozenset({'Bag of Organic Bananas'}),0.028638710706094465,0.14779291820489862,0.006071161370242724,0.21199143468950749,1.4343815472646984,1.0,0.0018385627413631499,1.0814693130388924,0.3117639436359606,0.035637149028077755,0.07533206172070311,0.12653513643189068
frozenset({'Bag of Organic Bananas'}),frozenset({'Organic Baby Carrots'}),0.14779291820489862,0.028638710706094465,0.006071161370242724,0.04107883817427386,1.4343815472646984,1.0,0.0018385627413631499,1.012973045087976,0.3553542709451349,0.035637149028077755,0.012806900589195062,0.12653513643189068
frozenset({'Banana'}),frozenset({'100% Whole Wheat Bread'}),0.17746188659806458,0.024395030233157127,0.006193811094894092,0.03490220471352547,1.4307096314267833,1.0,0.0018646230061012048,1.0108871603807255,0.3659966008529757,0.03165548799598822,0.010769906679421098,0.14439931754027202
frozenset({'100% Whole Wheat Bread'}),frozenset({'Banana'}),0.024395030233157127,0.17746188659806458,0.006193811094894092,0.2538964303670186,1.4307096314267833,1.0,0.0018646230061012048,1.1024449511835912,0.30857382127632454,0.03165548799598822,0.09292523048303303,0.14439931754027202
frozenset({'Organic Cilantro'}),frozenset({'Bag of Organic Bananas'}),0.026897084616045036,0.14779291820489862,0.005678682251358346,0.2111263109895121,1.4285279264653852,1.0,0.0017034836247489648,1.0802833123564493,0.3082702544371193,0.03359941944847605,0.07431690505458731,0.12477477375201745
frozenset({'Bag of Organic Bananas'}),frozenset({'Organic Cilantro'}),0.14779291820489862,0.026897084616045036,0.005678682251358346,0.03842323651452283,1.4285279264653852,1.0,0.0017034836247489648,1.0119867204950943,0.3520021010468898,0.03359941944847605,0.011844740896629565,0.12477477375201745
frozenset({'Bag of Organic Bananas'}),frozenset({'Organic Zucchini'}),0.14779291820489862,0.039125262163786444,0.00816847166178112,0.05526970954356847,1.4126348677792375,1.0,0.002386034991063415,1.0170889486056196,0.3427605750044333,0.04569781803211198,0.016801823113944677,0.13202356950532657
frozenset({'Organic Zucchini'}),frozenset({'Bag of Organic Bananas'}),0.039125262163786444,0.14779291820489862,0.00816847166178112,0.20877742946708464,1.4126348677792375,1.0,0.002386034991063415,1.0770763038535554,0.3039969497342843,0.04569781803211198,0.07156067177208543,0.13202356950532657
frozenset({'Bag of Organic Bananas'}),frozenset({'Organic Baby Spinach'}),0.14779291820489862,0.09143536972759496,0.018961647431101517,0.128298755186722,1.403163300689337,1.0,0.0054481473119164115,1.042289013212346,0.33715347164222087,0.08608497132357036,0.04057321210938478,0.16783817705680837
frozenset({'Organic Baby Spinach'}),frozenset({'Bag of Organic Bananas'}),0.09143536972759496,0.14779291820489862,0.018961647431101517,0.2073775989268947,1.4031633006893367,1.0,0.0054481473119164115,1.0751741064109799,0.3162401073208838,0.08608497132357036,0.06991807741903064,0.16783817705680837
frozenset({'Organic Garlic'}),frozenset({'Bag of Organic Bananas'}),0.04071970858425423,0.14779291820489862,0.008401506138618718,0.20632530120481926,1.3960432185172225,1.0,0.0023834215784987248,1.0737485812370917,0.29573191530782356,0.04664623765747362,0.06868328631654548,0.13158588711693245
frozenset({'Bag of Organic Bananas'}),frozenset({'Organic Garlic'}),0.14779291820489862,0.04071970858425423,0.008401506138618718,0.05684647302904564,1.3960432185172225,1.0,0.0023834215784987248,1.0170987691649571,0.33288833659989925,0.04664623765747362,0.016811316347374202,0.13158588711693245
frozenset({'Organic Strawberries'}),frozenset({'Limes'}),0.10170115168091448,0.05191762844492414,0.007334453534151816,0.07211770381090207,1.3890793160440063,1.0,0.0020543709287612257,1.0217700838230686,0.31181015586103494,0.05013834157793242,0.021306245081685365,0.10669433501435725
frozenset({'Limes'}),frozenset({'Organic Strawberries'}),0.05191762844492414,0.10170115168091448,0.007334453534151816,0.14127096621781243,1.3890793160440063,1.0,0.0020543709287612257,1.0460795116739172,0.29543709735340307,0.05013834157793242,0.0440497219950151,0.10669433501435725
frozenset({'Organic Red Onion'}),frozenset({'Bag of Organic Bananas'}),0.02522904836078643,0.14779291820489862,0.005126758490427189,0.20320855614973263,1.3749546231166931,1.0,0.0013980838096540483,1.0695484852059327,0.27976138443647997,0.03053546643290233,0.06502602375481989,0.11894867641511528
frozenset({'Bag of Organic Bananas'}),frozenset({'Organic Red Onion'}),0.14779291820489862,0.02522904836078643,0.005126758490427189,0.03468879668049792,1.374954623116693,1.0,0.0013980838096540483,1.0097996876936488,0.3199964853197715,0.03053546643290233,0.009704585783771669,0.11894867641511528
frozenset({'Banana'}),frozenset({'Organic Blackberries'}),0.17746188659806458,0.02283737873008475,0.005543767554241841,0.031239201050521807,1.3678978406295352,1.0,0.0014910032398464884,1.0086727521691092,0.3269772553809385,0.02846526859374016,0.00859818226521814,0.1369944662610289
frozenset({'Organic Blackberries'}),frozenset({'Banana'}),0.02283737873008475,0.17746188659806458,0.005543767554241841,0.24274973147153597,1.367897840629535,1.0,0.0014910032398464884,1.0862169979818466,0.2752369451226576,0.02846526859374016,0.07937364094102264,0.1369944662610289
frozenset({'Organic Raspberries'}),frozenset({'Organic Baby Spinach'}),0.05287429629720481,0.09143536972759496,0.006610820158708744,0.12502899559266992,1.3674029641391223,1.0,0.001776239327687417,1.038393987567428,0.2836863998450076,0.04800926338291618,0.03697439317553331,0.098664732538119
frozenset({'Organic Baby Spinach'}),frozenset({'Organic Raspberries'}),0.09143536972759496,0.05287429629720481,0.006610820158708744,0.07230046948356808,1.3674029641391223,1.0,0.001776239327687417,1.0209401563193086,0.2957265472722154,0.04800926338291618,0.020510659894897264,0.098664732538119
frozenset({'Organic Avocado'}),frozenset({'Organic Strawberries'}),0.06685636490746079,0.10170115168091448,0.009296849128573707,0.1390570537516052,1.3673105117618942,1.0,0.0024974798202854693,1.0433895210286244,0.287884118087005,0.058375048132460534,0.04158516081879859,0.11523523213388268
frozenset({'Organic Strawberries'}),frozenset({'Organic Avocado'}),0.10170115168091448,0.06685636490746079,0.009296849128573707,0.09141341051616016,1.3673105117618942,1.0,0.0024974798202854693,1.027027743852845,0.2990510707431017,0.058375048132460534,0.02631646906777011,0.11523523213388268
frozenset({'Banana'}),frozenset({'Original Hummus'}),0.17746188659806458,0.027399948487115647,0.0065862902137784705,0.03711382956665976,1.3545218737951972,1.0,0.0017238436625651426,1.0100882963924722,0.31820059151368474,0.033217864654212545,0.009987539137422544,0.1387449183643505
frozenset({'Original Hummus'}),frozenset({'Banana'}),0.027399948487115647,0.17746188659806458,0.0065862902137784705,0.2403760071620412,1.354521873795197,1.0,0.0017238436625651426,1.0828227138125655,0.2691055936301057,0.033217864654212545,0.0764877876646592,0.1387449183643505
frozenset({'Organic Whole Milk'}),frozenset({'Organic Hass Avocado'}),0.052530877068180985,0.08194228103957907,0.00577680203107944,0.10996964744338081,1.3420379082474432,1.0,0.0014723021391029748,1.0314903489788778,0.26899511471152054,0.044887067568855424,0.030528980721973593,0.090234037911183
frozenset({'Organic Hass Avocado'}),frozenset({'Organic Whole Milk'}),0.08194228103957907,0.052530877068180985,0.00577680203107944,0.07049842837898518,1.342037908247443,1.0,0.0014723021391029748,1.019330307617952,0.27761279072656664,0.044887067568855424,0.018963732828787033,0.090234037911183
frozenset({'Organic Whole Milk'}),frozenset({'Bag of Organic Bananas'}),0.052530877068180985,0.14779291820489862,0.010376166705505747,0.19752509922951203,1.3364990801228054,1.0,0.0026124750877364895,1.0619735034414952,0.26573585194366023,0.05462646090269259,0.05835692062058064,0.13386628405459006
frozenset({'Bag of Organic Bananas'}),frozenset({'Organic Whole Milk'}),0.14779291820489862,0.052530877068180985,0.010376166705505747,0.07020746887966806,1.3364990801228054,1.0,0.0026124750877364895,1.0190113291082132,0.2954405331181405,0.05462646090269259,0.018656641555546607,0.13386628405459006
frozenset({'Organic Garlic'}),frozenset({'Organic Strawberries'}),0.04071970858425423,0.10170115168091448,0.00550697263684643,0.1352409638554217,1.3297879288499876,1.0,0.0013657313777165553,1.0387851537510846,0.25852755981275155,0.040222162501119776,0.03733703125331572,0.09469477039852608
frozenset({'Organic Strawberries'}),frozenset({'Organic Garlic'}),0.10170115168091448,0.04071970858425423,0.00550697263684643,0.054148576941630486,1.3297879288499874,1.0,0.0013657313777165553,1.0141976509523605,0.27607782574834777,0.040222162501119776,0.013998899464052758,0.09469477039852608
frozenset({'Organic Grape Tomatoes'}),frozenset({'Bag of Organic Bananas'}),0.0320483730514025,0.14779291820489862,0.006230606012289502,0.19441255262150786,1.315438892355967,1.0,0.0014940834353034957,1.0578703585418527,0.24773701864940484,0.03588837866478277,0.054704584616228444,0.11828511448502779
frozenset({'Bag of Organic Bananas'}),frozenset({'Organic Grape Tomatoes'}),0.14779291820489862,0.0320483730514025,0.006230606012289502,0.042157676348547723,1.315438892355967,1.0,0.0014940834353034957,1.0105542457746144,0.2813840149649703,0.03588837866478277,0.010444017051775743,0.11828511448502779
frozenset({'Organic Whole String Cheese'}),frozenset({'Banana'}),0.022248660051758185,0.17746188659806458,0.005175818380287737,0.2326350606394708,1.3109015411651097,1.0,0.0012275291932237363,1.071899524217752,0.24256290266956057,0.026606140848622412,0.06707673862456716,0.1309004316950896
frozenset({'Banana'}),frozenset({'Organic Whole String Cheese'}),0.17746188659806458,0.022248660051758185,0.005175818380287737,0.029165802750708413,1.3109015411651097,1.0,0.0012275291932237363,1.0071249475127153,0.2883346063150826,0.026606140848622412,0.007074541773899685,0.1309004316950896
frozenset({'Organic Hass Avocado'}),frozenset({'Large Lemon'}),0.08194228103957907,0.05792746495284118,0.006218341039824366,0.0758868432869331,1.3100321816035394,1.0,0.0014716324267482874,1.0194341766521005,0.2577833275414966,0.04652656694503074,0.01906368954190231,0.0916169342413916
frozenset({'Large Lemon'}),frozenset({'Organic Hass Avocado'}),0.05792746495284118,0.08194228103957907,0.006218341039824366,0.1073470251958501,1.3100321816035392,1.0,0.0014716324267482874,1.028459821311686,0.25121205094565946,0.04652656694503074,0.027672273356667103,0.0916169342413916
frozenset({'Organic Baby Spinach'}),frozenset({'Organic Whole Milk'}),0.09143536972759496,0.052530877068180985,0.006255135957219776,0.06841046277665996,1.3022905116902677,1.0,0.0014519557903758078,1.017045689194631,0.2554822976735173,0.045422158888493054,0.016760003386011864,0.0937429386028992
frozenset({'Organic Whole Milk'}),frozenset({'Organic Baby Spinach'}),0.052530877068180985,0.09143536972759496,0.006255135957219776,0.11907541442913844,1.3022905116902674,1.0,0.0014519557903758078,1.031376175843284,0.24499181420140861,0.045422158888493054,0.030421660474782584,0.0937429386028992
frozenset({'Limes'}),frozenset({'Banana'}),0.05191762844492414,0.17746188659806458,0.011921553236112985,0.2296243798724309,1.2939363165484075,1.0,0.0027081529445794044,1.0677104673506264,0.2396041157587082,0.05482233502538071,0.06341650608581219,0.14840124239319244
frozenset({'Banana'}),frozenset({'Limes'}),0.17746188659806458,0.05191762844492414,0.011921553236112985,0.06717810491395397,1.2939363165484075,1.0,0.0027081529445794044,1.016359474996695,0.2761749694045709,0.05482233502538071,0.016096150426253675,0.14840124239319244
frozenset({'Fresh Cauliflower'}),frozenset({'Bag of Organic Bananas'}),0.02683575975371935,0.14779291820489862,0.005089963573031779,0.1896709323583181,1.2833560272174898,1.0,0.0011238283267840238,1.0516802566089576,0.22688153837860742,0.03002242639079795,0.049140654951149935,0.11205538319160718
frozenset({'Bag of Organic Bananas'}),frozenset({'Fresh Cauliflower'}),0.14779291820489862,0.02683575975371935,0.005089963573031779,0.03443983402489627,1.2833560272174898,1.0,0.0011238283267840238,1.0078752982352972,0.25908374224847236,0.03002242639079795,0.007813762525072375,0.11205538319160718
frozenset({'Banana'}),frozenset({'Organic Gala Apples'}),0.17746188659806458,0.027755632688604613,0.006267400929684913,0.03531688437348815,1.272422241990106,1.0,0.0013418339890422263,1.0078380678197865,0.26028867947035667,0.03150237346649405,0.007777110301799034,0.13056166799319568
frozenset({'Organic Gala Apples'}),frozenset({'Banana'}),0.027755632688604613,0.17746188659806458,0.006267400929684913,0.22580645161290322,1.2724222419901057,1.0,0.0013418339890422263,1.0624450631441666,0.22020941087422732,0.03150237346649405,0.05877486310620957,0.13056166799319568
frozenset({'Banana'}),frozenset({'Organic Whole Milk'}),0.17746188659806458,0.052530877068180985,0.011676253786810248,0.06579583938074504,1.2525174345622894,1.0,0.0023540252376398427,1.0141992113413103,0.24510465420213168,0.05348314606741573,0.014000416469000455,0.1440349731575684
frozenset({'Organic Whole Milk'}),frozenset({'Banana'}),0.052530877068180985,0.17746188659806458,0.011676253786810248,0.22227410693439176,1.2525174345622894,1.0,0.0023540252376398427,1.0576195555990662,0.21278574148105833,0.05348314606741573,0.05448041811824173,0.1440349731575684
frozenset({'Organic Baby Arugula'}),frozenset({'Banana'}),0.02753486318423215,0.17746188659806458,0.006083426342707861,0.22093541202672606,1.2449738716410987,1.0,0.001197037574814431,1.0558022095982533,0.20234174373700126,0.030583302503391294,0.05285290094201146,0.12760779862515376
frozenset({'Banana'}),frozenset({'Organic Baby Arugula'}),0.17746188659806458,0.02753486318423215,0.006083426342707861,0.03428018522358145,1.2449738716410987,1.0,0.001197037574814431,1.006984760938048,0.23922331172341876,0.030583302503391294,0.006936312453766856,0.12760779862515376
frozenset({'Original Hummus'}),frozenset({'Bag of Organic Bananas'}),0.027399948487115647,0.14779291820489862,0.005040903683171232,0.18397493285586394,1.2448156183018386,1.0,0.0009913853375965133,1.044339342144957,0.20220868449815854,0.02962589202047142,0.042456834053468555,0.10904140833664566
frozenset({'Bag of Organic Bananas'}),frozenset({'Original Hummus'}),0.14779291820489862,0.027399948487115647,0.005040903683171232,0.03410788381742739,1.2448156183018384,1.0,0.0009913853375965133,1.0069448080359358,0.23077510285997258,0.02962589202047142,0.00689691031773802,0.10904140833664566
frozenset({'Half & Half'}),frozenset({'Banana'}),0.026283835992788197,0.17746188659806458,0.005801331976009714,0.2207186187587494,1.2437522388041409,1.0,0.0011369528536954061,1.055508489233741,0.20127153477613516,0.02930788772538571,0.05258933471396152,0.1267045993095703
frozenset({'Banana'}),frozenset({'Half & Half'}),0.17746188659806458,0.026283835992788197,0.005801331976009714,0.03269057986039118,1.2437522388041409,1.0,0.0011369528536954061,1.0066232621477813,0.23826415283725055,0.02930788772538571,0.006579683181222747,0.1267045993095703
frozenset({'Bag of Organic Bananas'}),frozenset({'Carrots'}),0.14779291820489862,0.02773110274367434,0.005016373738240957,0.033941908713692945,1.223965344163435,1.0,0.0009179131387134559,1.0064290191511662,0.21471706488019954,0.029420227305423676,0.006387950892541209,0.10741765935463504
frozenset({'Carrots'}),frozenset({'Bag of Organic Bananas'}),0.02773110274367434,0.14779291820489862,0.005016373738240957,0.18089340999557715,1.223965344163435,1.0,0.0009179131387134559,1.0404104816083823,0.18820246517144648,0.029420227305423676,0.03884090205042086,0.10741765935463504
frozenset({'Organic Grape Tomatoes'}),frozenset({'Banana'}),0.0320483730514025,0.17746188659806458,0.006880649552941754,0.21469575200918486,1.2098133076622344,1.0,0.0011932848088412945,1.0474132993758565,0.17916823643248023,0.033956782277101874,0.04526703967202776,0.12673415010784767
frozenset({'Banana'}),frozenset({'Organic Grape Tomatoes'}),0.17746188659806458,0.0320483730514025,0.006880649552941754,0.03877254820651047,1.2098133076622344,1.0,0.0011932848088412945,1.006995404825946,0.2108427355846854,0.033956782277101874,0.006946809084153807,0.12673415010784767
